,time,lat,long,site.name,samples,taxa
1,-18000,-41.660615,145.961125,Dove Lake,20.37914692,Southern Beech
2,-18000,-41.660615,145.961125,Dove Lake,6.161137441,Celery Pine
3,-18000,-41.660615,145.961125,Dove Lake,9.004739336,Eucalyptus
4,-17500,-41.660615,145.961125,Dove Lake,28.22966507,Southern Beech
5,-17500,-41.660615,145.961125,Dove Lake,0.956937799,Celery Pine
6,-17500,-41.660615,145.961125,Dove Lake,1.913875598,Eucalyptus
7,-17000,-41.660615,145.961125,Dove Lake,14.08450704,Southern Beech
8,-17000,-41.660615,145.961125,Dove Lake,4.225352113,Celery Pine
9,-17000,-41.660615,145.961125,Dove Lake,12.67605634,Eucalyptus
10,-16500,-41.660615,145.961125,Dove Lake,15.68627451,Southern Beech
11,-16500,-41.660615,145.961125,Dove Lake,6.862745098,Celery Pine
12,-16500,-41.660615,145.961125,Dove Lake,8.823529412,Eucalyptus
13,-16500,-42.10391,146.18492,Lake St Clair,1.612903226,She-Oak
14,-16500,-42.10391,146.18492,Lake St Clair,12.90322581,Eucalyptus
15,-16000,-41.660615,145.961125,Dove Lake,18.59296482,Southern Beech
16,-16000,-41.660615,145.961125,Dove Lake,11.05527638,Celery Pine
17,-16000,-41.660615,145.961125,Dove Lake,9.547738693,Eucalyptus
18,-16000,-42.10391,146.18492,Lake St Clair,0.213675214,Southern Beech
19,-16000,-42.10391,146.18492,Lake St Clair,0.213675214,Celery Pine
20,-16000,-42.10391,146.18492,Lake St Clair,0.852272727,She-Oak
21,-16000,-42.10391,146.18492,Lake St Clair,2.702505828,Eucalyptus
22,-15500,-41.660615,145.961125,Dove Lake,16.8128655,Southern Beech
23,-15500,-41.660615,145.961125,Dove Lake,3.482190324,Celery Pine
24,-15500,-41.660615,145.961125,Dove Lake,10.00797448,Eucalyptus
25,-15500,-42.10391,146.18492,Lake St Clair,1.123595506,Celery Pine
26,-15500,-42.10391,146.18492,Lake St Clair,1.685393258,She-Oak
27,-15500,-42.10391,146.18492,Lake St Clair,2.808988764,Eucalyptus
28,-15000,-41.660615,145.961125,Dove Lake,18.88888889,Southern Beech
29,-15000,-41.660615,145.961125,Dove Lake,7.037037037,Celery Pine
30,-15000,-41.660615,145.961125,Dove Lake,4.814814815,Eucalyptus
31,-15000,-42.10391,146.18492,Lake St Clair,0.198412698,Celery Pine
32,-15000,-42.10391,146.18492,Lake St Clair,0.401606426,She-Oak
33,-15000,-42.10391,146.18492,Lake St Clair,4.790590935,Eucalyptus
34,-14500,-41.660615,145.961125,Dove Lake,11.93353474,Southern Beech
35,-14500,-41.660615,145.961125,Dove Lake,5.891238671,Celery Pine
36,-14500,-41.660615,145.961125,Dove Lake,4.682779456,Eucalyptus
37,-14500,-42.10391,146.18492,Lake St Clair,0.429184549,Celery Pine
38,-14500,-42.10391,146.18492,Lake St Clair,1.716738197,She-Oak
39,-14500,-42.10391,146.18492,Lake St Clair,3.433476395,Eucalyptus
40,-14500,-41.451255,145.961595,Paddy's Lake,4.131060063,Southern Beech
41,-14500,-41.451255,145.961595,Paddy's Lake,2.222692603,Celery Pine
42,-14500,-41.451255,145.961595,Paddy's Lake,11.63131184,Eucalyptus
43,-14000,-41.660615,145.961125,Dove Lake,14.28055414,Southern Beech
44,-14000,-41.660615,145.961125,Dove Lake,4.6475721,Celery Pine
45,-14000,-41.660615,145.961125,Dove Lake,7.377188509,Eucalyptus
46,-14000,-42.10391,146.18492,Lake St Clair,0.490196078,Southern Beech
47,-14000,-42.10391,146.18492,Lake St Clair,0.653594771,Celery Pine
48,-14000,-42.10391,146.18492,Lake St Clair,0.490196078,She-Oak
49,-14000,-42.10391,146.18492,Lake St Clair,1.861213235,Eucalyptus
50,-14000,-41.451255,145.961595,Paddy's Lake,2.879449871,Southern Beech
51,-14000,-41.451255,145.961595,Paddy's Lake,0.743995411,Celery Pine
52,-14000,-41.451255,145.961595,Paddy's Lake,11.78904322,Eucalyptus
53,-13500,-41.660615,145.961125,Dove Lake,11.08742004,Southern Beech
54,-13500,-41.660615,145.961125,Dove Lake,1.066098081,Celery Pine
55,-13500,-41.660615,145.961125,Dove Lake,6.396588486,Eucalyptus
56,-13500,-42.10391,146.18492,Lake St Clair,0.649350649,Southern Beech
57,-13500,-42.10391,146.18492,Lake St Clair,1.623376623,She-Oak
58,-13500,-42.10391,146.18492,Lake St Clair,3.896103896,Eucalyptus
59,-13500,-41.451255,145.961595,Paddy's Lake,1.990840013,Southern Beech
60,-13500,-41.451255,145.961595,Paddy's Lake,1.535153379,Celery Pine
61,-13500,-41.451255,145.961595,Paddy's Lake,10.36922952,Eucalyptus
62,-13000,-41.660615,145.961125,Dove Lake,1.487192293,Southern Beech
63,-13000,-41.660615,145.961125,Dove Lake,0.602571508,Celery Pine
64,-13000,-41.660615,145.961125,Dove Lake,6.318910622,Eucalyptus
65,-13000,-42.10391,146.18492,Lake St Clair,0.514138817,Southern Beech
66,-13000,-42.10391,146.18492,Lake St Clair,0.507614213,Celery Pine
67,-13000,-42.10391,146.18492,Lake St Clair,0.128534704,She-Oak
68,-13000,-42.10391,146.18492,Lake St Clair,2.551120275,Eucalyptus
69,-13000,-41.451255,145.961595,Paddy's Lake,7.971252064,Southern Beech
70,-13000,-41.451255,145.961595,Paddy's Lake,8.773120795,Celery Pine
71,-13000,-41.451255,145.961595,Paddy's Lake,8.863864512,Eucalyptus
72,-12500,-41.660615,145.961125,Dove Lake,5.237732368,Southern Beech
73,-12500,-41.660615,145.961125,Dove Lake,5.993344045,Celery Pine
74,-12500,-41.660615,145.961125,Dove Lake,2.954264294,Eucalyptus
75,-12500,-42.10391,146.18492,Lake St Clair,0.575263663,Southern Beech
76,-12500,-42.10391,146.18492,Lake St Clair,0.191754554,Celery Pine
77,-12500,-42.10391,146.18492,Lake St Clair,0.479386385,She-Oak
78,-12500,-42.10391,146.18492,Lake St Clair,1.821668265,Eucalyptus
79,-12500,-41.451255,145.961595,Paddy's Lake,7.571089227,Southern Beech
80,-12500,-41.451255,145.961595,Paddy's Lake,11.37448296,Celery Pine
81,-12500,-41.451255,145.961595,Paddy's Lake,10.2183649,Eucalyptus
82,-12000,-41.660615,145.961125,Dove Lake,15.35253776,Southern Beech
83,-12000,-41.660615,145.961125,Dove Lake,5.919248383,Celery Pine
84,-12000,-41.660615,145.961125,Dove Lake,2.874166771,Eucalyptus
85,-12000,-42.10391,146.18492,Lake St Clair,1.060606061,Southern Beech
86,-12000,-42.10391,146.18492,Lake St Clair,0.303030303,Celery Pine
87,-12000,-42.10391,146.18492,Lake St Clair,1.515151515,She-Oak
88,-12000,-42.10391,146.18492,Lake St Clair,3.838383838,Eucalyptus
89,-12000,-41.451255,145.961595,Paddy's Lake,11.61607445,Southern Beech
90,-12000,-41.451255,145.961595,Paddy's Lake,9.920472792,Celery Pine
91,-12000,-41.451255,145.961595,Paddy's Lake,12.21948074,Eucalyptus
92,-11500,-41.660615,145.961125,Dove Lake,12.48178015,Southern Beech
93,-11500,-41.660615,145.961125,Dove Lake,1.558765827,Celery Pine
94,-11500,-41.660615,145.961125,Dove Lake,0.58610523,She-Oak
95,-11500,-41.660615,145.961125,Dove Lake,4.639851511,Eucalyptus
96,-11500,-42.10391,146.18492,Lake St Clair,1.868188895,Southern Beech
97,-11500,-42.10391,146.18492,Lake St Clair,0.207576544,Celery Pine
98,-11500,-42.10391,146.18492,Lake St Clair,0.103788272,She-Oak
99,-11500,-42.10391,146.18492,Lake St Clair,1.971977167,Eucalyptus
100,-11500,-41.451255,145.961595,Paddy's Lake,12.76856131,Southern Beech
101,-11500,-41.451255,145.961595,Paddy's Lake,10.27434154,Celery Pine
102,-11500,-41.451255,145.961595,Paddy's Lake,13.79828498,Eucalyptus
103,-11000,-41.660615,145.961125,Dove Lake,15.50974467,Southern Beech
104,-11000,-41.660615,145.961125,Dove Lake,1.176289798,Celery Pine
105,-11000,-41.660615,145.961125,Dove Lake,0.403278798,She-Oak
106,-11000,-41.660615,145.961125,Dove Lake,4.496698297,Eucalyptus
107,-11000,-42.10391,146.18492,Lake St Clair,8.283438837,Southern Beech
108,-11000,-42.10391,146.18492,Lake St Clair,0.37373587,Celery Pine
109,-11000,-42.10391,146.18492,Lake St Clair,6.44538434,Eucalyptus
110,-11000,-41.451255,145.961595,Paddy's Lake,15.27578337,Southern Beech
111,-11000,-41.451255,145.961595,Paddy's Lake,10.78475625,Celery Pine
112,-11000,-41.451255,145.961595,Paddy's Lake,11.01040629,Eucalyptus
113,-10500,-41.660615,145.961125,Dove Lake,21.67792422,Southern Beech
114,-10500,-41.660615,145.961125,Dove Lake,2.780034695,Celery Pine
115,-10500,-41.660615,145.961125,Dove Lake,0.408370748,She-Oak
116,-10500,-41.660615,145.961125,Dove Lake,4.041674543,Eucalyptus
117,-10500,-42.10391,146.18492,Lake St Clair,14.53643152,Southern Beech
118,-10500,-42.10391,146.18492,Lake St Clair,1.899904614,Celery Pine
119,-10500,-42.10391,146.18492,Lake St Clair,0.067114094,She-Oak
120,-10500,-42.10391,146.18492,Lake St Clair,6.321357062,Eucalyptus
121,-10500,-41.451255,145.961595,Paddy's Lake,17.00816193,Southern Beech
122,-10500,-41.451255,145.961595,Paddy's Lake,1.205144793,Celery Pine
123,-10500,-41.451255,145.961595,Paddy's Lake,10.31279511,Eucalyptus
124,-10000,-41.660615,145.961125,Dove Lake,18.1967511,Southern Beech
125,-10000,-41.660615,145.961125,Dove Lake,2.601880454,Celery Pine
126,-10000,-41.660615,145.961125,Dove Lake,0.226633045,She-Oak
127,-10000,-41.660615,145.961125,Dove Lake,4.374468585,Eucalyptus
128,-10000,-42.10391,146.18492,Lake St Clair,20.52341598,Southern Beech
129,-10000,-42.10391,146.18492,Lake St Clair,2.61707989,Celery Pine
130,-10000,-42.10391,146.18492,Lake St Clair,0.275482094,She-Oak
131,-10000,-42.10391,146.18492,Lake St Clair,7.438016529,Eucalyptus
132,-10000,-41.451255,145.961595,Paddy's Lake,22.044286,Southern Beech
133,-10000,-41.451255,145.961595,Paddy's Lake,1.469875223,Celery Pine
134,-10000,-41.451255,145.961595,Paddy's Lake,10.37635175,Eucalyptus
135,-9500,-41.660615,145.961125,Dove Lake,22.7478915,Southern Beech
136,-9500,-41.660615,145.961125,Dove Lake,4.520659005,Celery Pine
137,-9500,-41.660615,145.961125,Dove Lake,0.805659073,She-Oak
138,-9500,-41.660615,145.961125,Dove Lake,4.456729952,Eucalyptus
139,-9500,-42.10391,146.18492,Lake St Clair,21.90279978,Southern Beech
140,-9500,-42.10391,146.18492,Lake St Clair,4.779507211,Celery Pine
141,-9500,-42.10391,146.18492,Lake St Clair,0.076335878,She-Oak
142,-9500,-42.10391,146.18492,Lake St Clair,6.707911065,Eucalyptus
143,-9500,-41.451255,145.961595,Paddy's Lake,22.61794371,Southern Beech
144,-9500,-41.451255,145.961595,Paddy's Lake,1.597429277,Celery Pine
145,-9500,-41.451255,145.961595,Paddy's Lake,10.41806354,Eucalyptus
146,-9000,-41.660615,145.961125,Dove Lake,15.35684263,Southern Beech
147,-9000,-41.660615,145.961125,Dove Lake,4.173357263,Celery Pine
148,-9000,-41.660615,145.961125,Dove Lake,0.380690827,She-Oak
149,-9000,-41.660615,145.961125,Dove Lake,2.701145778,Eucalyptus
150,-9000,-42.10391,146.18492,Lake St Clair,15.94488189,Southern Beech
151,-9000,-42.10391,146.18492,Lake St Clair,4.822834646,Celery Pine
152,-9000,-42.10391,146.18492,Lake St Clair,4.330708661,Eucalyptus
153,-9000,-41.451255,145.961595,Paddy's Lake,24.07114312,Southern Beech
154,-9000,-41.451255,145.961595,Paddy's Lake,3.748947527,Celery Pine
155,-9000,-41.451255,145.961595,Paddy's Lake,10.75382749,Eucalyptus
156,-8500,-41.660615,145.961125,Dove Lake,18.93970001,Southern Beech
157,-8500,-41.660615,145.961125,Dove Lake,6.894223585,Celery Pine
158,-8500,-41.660615,145.961125,Dove Lake,0.394129929,She-Oak
159,-8500,-41.660615,145.961125,Dove Lake,4.766595414,Eucalyptus
160,-8500,-42.10391,146.18492,Lake St Clair,19.50920245,Southern Beech
161,-8500,-42.10391,146.18492,Lake St Clair,3.312883436,Celery Pine
162,-8500,-42.10391,146.18492,Lake St Clair,0.36809816,She-Oak
163,-8500,-42.10391,146.18492,Lake St Clair,3.190184049,Eucalyptus
164,-8500,-41.451255,145.961595,Paddy's Lake,23.3575009,Southern Beech
165,-8500,-41.451255,145.961595,Paddy's Lake,5.429437814,Celery Pine
166,-8500,-41.451255,145.961595,Paddy's Lake,11.07392882,Eucalyptus
167,-8000,-41.660615,145.961125,Dove Lake,21.01890572,Southern Beech
168,-8000,-41.660615,145.961125,Dove Lake,6.976582473,Celery Pine
169,-8000,-41.660615,145.961125,Dove Lake,0.495193543,She-Oak
170,-8000,-41.660615,145.961125,Dove Lake,4.226085335,Eucalyptus
171,-8000,-42.10391,146.18492,Lake St Clair,19.11722768,Southern Beech
172,-8000,-42.10391,146.18492,Lake St Clair,6.00388722,Celery Pine
173,-8000,-42.10391,146.18492,Lake St Clair,0.583761946,She-Oak
174,-8000,-42.10391,146.18492,Lake St Clair,5.006026039,Eucalyptus
175,-8000,-41.451255,145.961595,Paddy's Lake,28.49494281,Southern Beech
176,-8000,-41.451255,145.961595,Paddy's Lake,6.19655421,Celery Pine
177,-8000,-41.451255,145.961595,Paddy's Lake,9.901064153,Eucalyptus
178,-8000,-27.49861111,153.4547222,Swallow Lagoon,52.73175815,She-Oak
179,-8000,-27.49861111,153.4547222,Swallow Lagoon,0.189568808,Cypress-Pine
180,-8000,-27.49861111,153.4547222,Swallow Lagoon,6.129763475,Eucalyptus
181,-7500,-41.660615,145.961125,Dove Lake,22.35448315,Southern Beech
182,-7500,-41.660615,145.961125,Dove Lake,7.735579027,Celery Pine
183,-7500,-41.660615,145.961125,Dove Lake,0.580066484,She-Oak
184,-7500,-41.660615,145.961125,Dove Lake,5.556785503,Eucalyptus
185,-7500,-41.50787,146.38472,Granta Pools,3.263235512,Southern Beech
186,-7500,-41.50787,146.38472,Granta Pools,0.079533863,Celery Pine
187,-7500,-41.50787,146.38472,Granta Pools,9.321586484,Eucalyptus
188,-7500,-42.10391,146.18492,Lake St Clair,10.84337349,Southern Beech
189,-7500,-42.10391,146.18492,Lake St Clair,4.819277108,Celery Pine
190,-7500,-42.10391,146.18492,Lake St Clair,0.328587076,She-Oak
191,-7500,-42.10391,146.18492,Lake St Clair,6.133625411,Eucalyptus
192,-7500,-41.451255,145.961595,Paddy's Lake,29.57861952,Southern Beech
193,-7500,-41.451255,145.961595,Paddy's Lake,6.893893405,Celery Pine
194,-7500,-41.451255,145.961595,Paddy's Lake,8.165577616,Eucalyptus
195,-7500,-35.70698,148.886415,Rotten Swamp,1.652892562,She-Oak
196,-7500,-35.70698,148.886415,Rotten Swamp,24.79338843,Eucalyptus
197,-7500,-27.49861111,153.4547222,Swallow Lagoon,54.36756425,She-Oak
198,-7500,-27.49861111,153.4547222,Swallow Lagoon,0.624022187,Cypress-Pine
199,-7500,-27.49861111,153.4547222,Swallow Lagoon,4.841137744,Eucalyptus
200,-7000,-41.660615,145.961125,Dove Lake,17.69995972,Southern Beech
201,-7000,-41.660615,145.961125,Dove Lake,7.206463256,Celery Pine
202,-7000,-41.660615,145.961125,Dove Lake,1.033502915,She-Oak
203,-7000,-41.660615,145.961125,Dove Lake,4.535916781,Eucalyptus
204,-7000,-41.50787,146.38472,Granta Pools,1.121420022,Southern Beech
205,-7000,-41.50787,146.38472,Granta Pools,0.181229249,Celery Pine
206,-7000,-41.50787,146.38472,Granta Pools,2.517964254,Eucalyptus
207,-7000,-42.10391,146.18492,Lake St Clair,13.28740157,Southern Beech
208,-7000,-42.10391,146.18492,Lake St Clair,3.346456693,Celery Pine
209,-7000,-42.10391,146.18492,Lake St Clair,0.492125984,She-Oak
210,-7000,-42.10391,146.18492,Lake St Clair,3.838582677,Eucalyptus
211,-7000,-41.451255,145.961595,Paddy's Lake,29.02769133,Southern Beech
212,-7000,-41.451255,145.961595,Paddy's Lake,6.48931964,Celery Pine
213,-7000,-41.451255,145.961595,Paddy's Lake,9.358797899,Eucalyptus
214,-7000,-35.70698,148.886415,Rotten Swamp,1.19760479,She-Oak
215,-7000,-35.70698,148.886415,Rotten Swamp,10.77844311,Eucalyptus
216,-7000,-27.49861111,153.4547222,Swallow Lagoon,54.50527639,She-Oak
217,-7000,-27.49861111,153.4547222,Swallow Lagoon,0.770626304,Cypress-Pine
218,-7000,-27.49861111,153.4547222,Swallow Lagoon,7.842210404,Eucalyptus
219,-6500,-41.660615,145.961125,Dove Lake,17.79324841,Southern Beech
220,-6500,-41.660615,145.961125,Dove Lake,6.942122084,Celery Pine
221,-6500,-41.660615,145.961125,Dove Lake,0.382052288,She-Oak
222,-6500,-41.660615,145.961125,Dove Lake,4.119561298,Eucalyptus
223,-6500,-41.50787,146.38472,Granta Pools,4.452816133,Southern Beech
224,-6500,-41.50787,146.38472,Granta Pools,0.723546489,Celery Pine
225,-6500,-41.50787,146.38472,Granta Pools,10.54392085,Eucalyptus
226,-6500,-42.10391,146.18492,Lake St Clair,11.82033097,Southern Beech
227,-6500,-42.10391,146.18492,Lake St Clair,1.970055162,Celery Pine
228,-6500,-42.10391,146.18492,Lake St Clair,0.157604413,She-Oak
229,-6500,-42.10391,146.18492,Lake St Clair,8.668242711,Eucalyptus
230,-6500,-41.451255,145.961595,Paddy's Lake,29.86484219,Southern Beech
231,-6500,-41.451255,145.961595,Paddy's Lake,6.263675761,Celery Pine
232,-6500,-41.451255,145.961595,Paddy's Lake,8.336353863,Eucalyptus
233,-6500,-27.49861111,153.4547222,Swallow Lagoon,54.96470461,She-Oak
234,-6500,-27.49861111,153.4547222,Swallow Lagoon,0.060240964,Cypress-Pine
235,-6500,-27.49861111,153.4547222,Swallow Lagoon,8.908837082,Eucalyptus
236,-6000,-41.660615,145.961125,Dove Lake,16.99337186,Southern Beech
237,-6000,-41.660615,145.961125,Dove Lake,6.123844229,Celery Pine
238,-6000,-41.660615,145.961125,Dove Lake,0.537652733,She-Oak
239,-6000,-41.660615,145.961125,Dove Lake,4.502083362,Eucalyptus
240,-6000,-41.50787,146.38472,Granta Pools,4.80275895,Southern Beech
241,-6000,-41.50787,146.38472,Granta Pools,0.903151428,Celery Pine
242,-6000,-41.50787,146.38472,Granta Pools,18.49497726,Eucalyptus
243,-6000,-42.10391,146.18492,Lake St Clair,12.74312542,Southern Beech
244,-6000,-42.10391,146.18492,Lake St Clair,2.29711603,Celery Pine
245,-6000,-42.10391,146.18492,Lake St Clair,0.217974514,She-Oak
246,-6000,-42.10391,146.18492,Lake St Clair,6.924882629,Eucalyptus
247,-6000,-41.451255,145.961595,Paddy's Lake,23.42857244,Southern Beech
248,-6000,-41.451255,145.961595,Paddy's Lake,4.055482841,Celery Pine
249,-6000,-41.451255,145.961595,Paddy's Lake,9.257404187,Eucalyptus
250,-6000,-35.70698,148.886415,Rotten Swamp,13.37181143,Eucalyptus
251,-6000,-27.49861111,153.4547222,Swallow Lagoon,53.49559121,She-Oak
252,-6000,-27.49861111,153.4547222,Swallow Lagoon,0.811340456,Cypress-Pine
253,-6000,-27.49861111,153.4547222,Swallow Lagoon,10.47435658,Eucalyptus
254,-5500,-41.660615,145.961125,Dove Lake,20.28819278,Southern Beech
255,-5500,-41.660615,145.961125,Dove Lake,5.98593634,Celery Pine
256,-5500,-41.660615,145.961125,Dove Lake,0.56856343,She-Oak
257,-5500,-41.660615,145.961125,Dove Lake,5.825514,Eucalyptus
258,-5500,-41.50787,146.38472,Granta Pools,6.307529085,Southern Beech
259,-5500,-41.50787,146.38472,Granta Pools,0.939938425,Celery Pine
260,-5500,-41.50787,146.38472,Granta Pools,16.35710556,Eucalyptus
261,-5500,-42.10391,146.18492,Lake St Clair,19.62864721,Southern Beech
262,-5500,-42.10391,146.18492,Lake St Clair,1.591511936,Celery Pine
263,-5500,-42.10391,146.18492,Lake St Clair,0.442086649,She-Oak
264,-5500,-42.10391,146.18492,Lake St Clair,9.106984969,Eucalyptus
265,-5500,-41.451255,145.961595,Paddy's Lake,17.77961842,Southern Beech
266,-5500,-41.451255,145.961595,Paddy's Lake,4.753028303,Celery Pine
267,-5500,-41.451255,145.961595,Paddy's Lake,7.353158709,Eucalyptus
268,-5500,-35.70698,148.886415,Rotten Swamp,0.625,She-Oak
269,-5500,-35.70698,148.886415,Rotten Swamp,20.625,Eucalyptus
270,-5500,-27.49861111,153.4547222,Swallow Lagoon,56.18855173,She-Oak
271,-5500,-27.49861111,153.4547222,Swallow Lagoon,0.139664804,Cypress-Pine
272,-5500,-27.49861111,153.4547222,Swallow Lagoon,12.46243059,Eucalyptus
273,-5000,-41.660615,145.961125,Dove Lake,16.74058745,Southern Beech
274,-5000,-41.660615,145.961125,Dove Lake,6.373415,Celery Pine
275,-5000,-41.660615,145.961125,Dove Lake,0.484405718,She-Oak
276,-5000,-41.660615,145.961125,Dove Lake,4.570465821,Eucalyptus
277,-5000,-41.50787,146.38472,Granta Pools,7.081817092,Southern Beech
278,-5000,-41.50787,146.38472,Granta Pools,0.884599081,Celery Pine
279,-5000,-41.50787,146.38472,Granta Pools,12.44301833,Eucalyptus
280,-5000,-42.10391,146.18492,Lake St Clair,14.60134486,Southern Beech
281,-5000,-42.10391,146.18492,Lake St Clair,0.768491835,Celery Pine
282,-5000,-42.10391,146.18492,Lake St Clair,0.096061479,She-Oak
283,-5000,-42.10391,146.18492,Lake St Clair,9.798270893,Eucalyptus
284,-5000,-41.451255,145.961595,Paddy's Lake,23.75883222,Southern Beech
285,-5000,-41.451255,145.961595,Paddy's Lake,4.164324624,Celery Pine
286,-5000,-41.451255,145.961595,Paddy's Lake,10.80875848,Eucalyptus
287,-5000,-35.70698,148.886415,Rotten Swamp,1.19047619,She-Oak
288,-5000,-35.70698,148.886415,Rotten Swamp,18.45238095,Eucalyptus
289,-5000,-27.49861111,153.4547222,Swallow Lagoon,59.94725581,She-Oak
290,-5000,-27.49861111,153.4547222,Swallow Lagoon,0.472209783,Cypress-Pine
291,-5000,-27.49861111,153.4547222,Swallow Lagoon,8.190277156,Eucalyptus
292,-5000,-36.61015,175.78865,Waitetoke,0.850340136,Celery Pine
293,-4500,-41.660615,145.961125,Dove Lake,17.89362104,Southern Beech
294,-4500,-41.660615,145.961125,Dove Lake,6.591555564,Celery Pine
295,-4500,-41.660615,145.961125,Dove Lake,0.61675302,She-Oak
296,-4500,-41.660615,145.961125,Dove Lake,7.405227541,Eucalyptus
297,-4500,-41.50787,146.38472,Granta Pools,6.336271446,Southern Beech
298,-4500,-41.50787,146.38472,Granta Pools,0.963767024,Celery Pine
299,-4500,-41.50787,146.38472,Granta Pools,10.66570119,Eucalyptus
300,-4500,-42.10391,146.18492,Lake St Clair,6.213266163,Southern Beech
301,-4500,-42.10391,146.18492,Lake St Clair,1.091519731,Celery Pine
302,-4500,-42.10391,146.18492,Lake St Clair,0.167926113,She-Oak
303,-4500,-42.10391,146.18492,Lake St Clair,7.052896725,Eucalyptus
304,-4500,-41.451255,145.961595,Paddy's Lake,31.44055314,Southern Beech
305,-4500,-41.451255,145.961595,Paddy's Lake,5.652495563,Celery Pine
306,-4500,-41.451255,145.961595,Paddy's Lake,9.161860247,Eucalyptus
307,-4500,-35.70698,148.886415,Rotten Swamp,0.588235294,She-Oak
308,-4500,-35.70698,148.886415,Rotten Swamp,0.588235294,Cypress-Pine
309,-4500,-35.70698,148.886415,Rotten Swamp,18.23529412,Eucalyptus
310,-4500,-27.49861111,153.4547222,Swallow Lagoon,51.12540193,She-Oak
311,-4500,-27.49861111,153.4547222,Swallow Lagoon,0.321543408,Cypress-Pine
312,-4500,-27.49861111,153.4547222,Swallow Lagoon,13.50482315,Eucalyptus
313,-4500,-36.61015,175.78865,Waitetoke,1.229508197,Celery Pine
314,-4000,-41.660615,145.961125,Dove Lake,12.12390756,Southern Beech
315,-4000,-41.660615,145.961125,Dove Lake,4.931912536,Celery Pine
316,-4000,-41.660615,145.961125,Dove Lake,0.405999316,She-Oak
317,-4000,-41.660615,145.961125,Dove Lake,6.68045166,Eucalyptus
318,-4000,-41.50787,146.38472,Granta Pools,3.199277445,Southern Beech
319,-4000,-41.50787,146.38472,Granta Pools,0.657978869,Celery Pine
320,-4000,-41.50787,146.38472,Granta Pools,15.54162745,Eucalyptus
321,-4000,-41.451255,145.961595,Paddy's Lake,27.63062368,Southern Beech
322,-4000,-41.451255,145.961595,Paddy's Lake,3.830257435,Celery Pine
323,-4000,-41.451255,145.961595,Paddy's Lake,10.66279021,Eucalyptus
324,-4000,-27.49861111,153.4547222,Swallow Lagoon,55.09162206,She-Oak
325,-4000,-27.49861111,153.4547222,Swallow Lagoon,0.716022789,Cypress-Pine
326,-4000,-27.49861111,153.4547222,Swallow Lagoon,11.70417069,Eucalyptus
327,-4000,-36.61015,175.78865,Waitetoke,1.395348837,Celery Pine
328,-3500,-41.660615,145.961125,Dove Lake,11.78293306,Southern Beech
329,-3500,-41.660615,145.961125,Dove Lake,4.427422491,Celery Pine
330,-3500,-41.660615,145.961125,Dove Lake,0.699519748,She-Oak
331,-3500,-41.660615,145.961125,Dove Lake,6.560987259,Eucalyptus
332,-3500,-41.50787,146.38472,Granta Pools,5.827927545,Southern Beech
333,-3500,-41.50787,146.38472,Granta Pools,0.590390556,Celery Pine
334,-3500,-41.50787,146.38472,Granta Pools,18.42558079,Eucalyptus
335,-3500,-42.10391,146.18492,Lake St Clair,6.456043956,Southern Beech
336,-3500,-42.10391,146.18492,Lake St Clair,0.343406593,Celery Pine
337,-3500,-42.10391,146.18492,Lake St Clair,0.137362637,She-Oak
338,-3500,-42.10391,146.18492,Lake St Clair,6.387362637,Eucalyptus
339,-3500,-41.451255,145.961595,Paddy's Lake,19.19524205,Southern Beech
340,-3500,-41.451255,145.961595,Paddy's Lake,2.966651678,Celery Pine
341,-3500,-41.451255,145.961595,Paddy's Lake,12.31289979,Eucalyptus
342,-3500,-35.70698,148.886415,Rotten Swamp,0.621118012,She-Oak
343,-3500,-35.70698,148.886415,Rotten Swamp,1.242236025,Cypress-Pine
344,-3500,-35.70698,148.886415,Rotten Swamp,14.28571429,Eucalyptus
345,-3500,-27.49861111,153.4547222,Swallow Lagoon,45.17679546,She-Oak
346,-3500,-27.49861111,153.4547222,Swallow Lagoon,1.485837966,Cypress-Pine
347,-3500,-27.49861111,153.4547222,Swallow Lagoon,10.28087192,Eucalyptus
348,-3000,-41.660615,145.961125,Dove Lake,9.790197421,Southern Beech
349,-3000,-41.660615,145.961125,Dove Lake,3.939313251,Celery Pine
350,-3000,-41.660615,145.961125,Dove Lake,0.414861088,She-Oak
351,-3000,-41.660615,145.961125,Dove Lake,7.322728659,Eucalyptus
352,-3000,-41.50787,146.38472,Granta Pools,4.803852719,Southern Beech
353,-3000,-41.50787,146.38472,Granta Pools,0.168129236,Celery Pine
354,-3000,-41.50787,146.38472,Granta Pools,23.48058504,Eucalyptus
355,-3000,-41.451255,145.961595,Paddy's Lake,10.41597299,Southern Beech
356,-3000,-41.451255,145.961595,Paddy's Lake,2.585758365,Celery Pine
357,-3000,-41.451255,145.961595,Paddy's Lake,12.88110363,Eucalyptus
358,-3000,-35.70698,148.886415,Rotten Swamp,0.537634409,She-Oak
359,-3000,-35.70698,148.886415,Rotten Swamp,1.075268817,Cypress-Pine
360,-3000,-35.70698,148.886415,Rotten Swamp,18.27956989,Eucalyptus
361,-3000,-27.49861111,153.4547222,Swallow Lagoon,42.05303051,She-Oak
362,-3000,-27.49861111,153.4547222,Swallow Lagoon,4.244660951,Cypress-Pine
363,-3000,-27.49861111,153.4547222,Swallow Lagoon,5.795031163,Eucalyptus
364,-3000,-36.61015,175.78865,Waitetoke,1.061007958,Celery Pine
365,-2500,-41.660615,145.961125,Dove Lake,11.22046807,Southern Beech
366,-2500,-41.660615,145.961125,Dove Lake,3.493080035,Celery Pine
367,-2500,-41.660615,145.961125,Dove Lake,0.324295185,She-Oak
368,-2500,-41.660615,145.961125,Dove Lake,6.565235617,Eucalyptus
369,-2500,-41.50787,146.38472,Granta Pools,9.958106594,Southern Beech
370,-2500,-41.50787,146.38472,Granta Pools,0.969864367,Celery Pine
371,-2500,-41.50787,146.38472,Granta Pools,27.44434852,Eucalyptus
372,-2500,-42.10391,146.18492,Lake St Clair,6.687402799,Southern Beech
373,-2500,-42.10391,146.18492,Lake St Clair,0.466562986,Celery Pine
374,-2500,-42.10391,146.18492,Lake St Clair,0.077760498,She-Oak
375,-2500,-42.10391,146.18492,Lake St Clair,8.00933126,Eucalyptus
376,-2500,-42.273725,145.88044,Lake Vera,17.47178413,Southern Beech
377,-2500,-42.273725,145.88044,Lake Vera,9.997685244,Celery Pine
378,-2500,-42.273725,145.88044,Lake Vera,0.331307738,She-Oak
379,-2500,-42.273725,145.88044,Lake Vera,1.841529231,Eucalyptus
380,-2500,-41.451255,145.961595,Paddy's Lake,13.11485116,Southern Beech
381,-2500,-41.451255,145.961595,Paddy's Lake,2.214948745,Celery Pine
382,-2500,-41.451255,145.961595,Paddy's Lake,13.63323,Eucalyptus
383,-2500,-35.70698,148.886415,Rotten Swamp,1.169590643,She-Oak
384,-2500,-35.70698,148.886415,Rotten Swamp,2.339181287,Cypress-Pine
385,-2500,-35.70698,148.886415,Rotten Swamp,25.14619883,Eucalyptus
386,-2500,-27.49861111,153.4547222,Swallow Lagoon,48.64235071,She-Oak
387,-2500,-27.49861111,153.4547222,Swallow Lagoon,2.454677544,Cypress-Pine
388,-2500,-27.49861111,153.4547222,Swallow Lagoon,7.390945034,Eucalyptus
389,-2000,-41.660615,145.961125,Dove Lake,12.72292199,Southern Beech
390,-2000,-41.660615,145.961125,Dove Lake,2.986063478,Celery Pine
391,-2000,-41.660615,145.961125,Dove Lake,0.061576355,She-Oak
392,-2000,-41.660615,145.961125,Dove Lake,8.46168236,Eucalyptus
393,-2000,-41.50787,146.38472,Granta Pools,8.034454848,Southern Beech
394,-2000,-41.50787,146.38472,Granta Pools,0.874870916,Celery Pine
395,-2000,-41.50787,146.38472,Granta Pools,21.25041973,Eucalyptus
396,-2000,-42.273725,145.88044,Lake Vera,16.19462378,Southern Beech
397,-2000,-42.273725,145.88044,Lake Vera,7.711662396,Celery Pine
398,-2000,-42.273725,145.88044,Lake Vera,0.514407328,She-Oak
399,-2000,-42.273725,145.88044,Lake Vera,2.666915609,Eucalyptus
400,-2000,-41.451255,145.961595,Paddy's Lake,14.17413072,Southern Beech
401,-2000,-41.451255,145.961595,Paddy's Lake,2.335863943,Celery Pine
402,-2000,-41.451255,145.961595,Paddy's Lake,11.6621936,Eucalyptus
403,-2000,-35.70698,148.886415,Rotten Swamp,0.558659218,She-Oak
404,-2000,-35.70698,148.886415,Rotten Swamp,25.69832402,Eucalyptus
405,-2000,-27.49861111,153.4547222,Swallow Lagoon,57.52276704,She-Oak
406,-2000,-27.49861111,153.4547222,Swallow Lagoon,1.220563614,Cypress-Pine
407,-2000,-27.49861111,153.4547222,Swallow Lagoon,11.22210849,Eucalyptus
408,-2000,-36.61015,175.78865,Waitetoke,0.936329588,Celery Pine
409,-1500,-41.660615,145.961125,Dove Lake,10.45611809,Southern Beech
410,-1500,-41.660615,145.961125,Dove Lake,3.77638104,Celery Pine
411,-1500,-41.660615,145.961125,Dove Lake,0.198938992,She-Oak
412,-1500,-41.660615,145.961125,Dove Lake,7.692884327,Eucalyptus
413,-1500,-41.50787,146.38472,Granta Pools,2.971652371,Southern Beech
414,-1500,-41.50787,146.38472,Granta Pools,0.174484052,Celery Pine
415,-1500,-41.50787,146.38472,Granta Pools,14.69365771,Eucalyptus
416,-1500,-42.10391,146.18492,Lake St Clair,7.94165316,Southern Beech
417,-1500,-42.10391,146.18492,Lake St Clair,0.324149109,Celery Pine
418,-1500,-42.10391,146.18492,Lake St Clair,0.162074554,She-Oak
419,-1500,-42.10391,146.18492,Lake St Clair,8.427876823,Eucalyptus
420,-1500,-42.273725,145.88044,Lake Vera,14.61297137,Southern Beech
421,-1500,-42.273725,145.88044,Lake Vera,6.999714581,Celery Pine
422,-1500,-42.273725,145.88044,Lake Vera,0.349206709,She-Oak
423,-1500,-42.273725,145.88044,Lake Vera,2.688016655,Eucalyptus
424,-1500,-41.451255,145.961595,Paddy's Lake,16.85685063,Southern Beech
425,-1500,-41.451255,145.961595,Paddy's Lake,2.089316678,Celery Pine
426,-1500,-41.451255,145.961595,Paddy's Lake,14.02027298,Eucalyptus
427,-1500,-27.49861111,153.4547222,Swallow Lagoon,36.95269383,She-Oak
428,-1500,-27.49861111,153.4547222,Swallow Lagoon,0.404835964,Cypress-Pine
429,-1500,-27.49861111,153.4547222,Swallow Lagoon,25.70722774,Eucalyptus
430,-1500,-36.61015,175.78865,Waitetoke,0.281690141,Celery Pine
431,-1000,-41.660615,145.961125,Dove Lake,12.99152237,Southern Beech
432,-1000,-41.660615,145.961125,Dove Lake,3.117715618,Celery Pine
433,-1000,-41.660615,145.961125,Dove Lake,0.240384615,She-Oak
434,-1000,-41.660615,145.961125,Dove Lake,6.708222333,Eucalyptus
435,-1000,-44.96404,168.4928,Dukes Tarn,1.282384905,Southern Beech
436,-1000,-44.96404,168.4928,Dukes Tarn,6.091212731,Celery Pine
437,-1000,-41.50787,146.38472,Granta Pools,3.740854097,Southern Beech
438,-1000,-41.50787,146.38472,Granta Pools,0.352358757,Celery Pine
439,-1000,-41.50787,146.38472,Granta Pools,21.43798417,Eucalyptus
440,-1000,-42.10391,146.18492,Lake St Clair,6.949524506,Southern Beech
441,-1000,-42.10391,146.18492,Lake St Clair,0.07315289,Celery Pine
442,-1000,-42.10391,146.18492,Lake St Clair,0.07315289,She-Oak
443,-1000,-42.10391,146.18492,Lake St Clair,9.363569861,Eucalyptus
444,-1000,-42.273725,145.88044,Lake Vera,13.42583379,Southern Beech
445,-1000,-42.273725,145.88044,Lake Vera,4.281225792,Celery Pine
446,-1000,-42.273725,145.88044,Lake Vera,0.391029841,She-Oak
447,-1000,-42.273725,145.88044,Lake Vera,2.566540119,Eucalyptus
448,-1000,-41.451255,145.961595,Paddy's Lake,20.3495826,Southern Beech
449,-1000,-41.451255,145.961595,Paddy's Lake,2.173436393,Celery Pine
450,-1000,-41.451255,145.961595,Paddy's Lake,12.06670075,Eucalyptus
451,-1000,-41.27155,147.70406,Ringarooma River,8.102248737,Southern Beech
452,-1000,-41.27155,147.70406,Ringarooma River,1.14882468,Celery Pine
453,-1000,-41.27155,147.70406,Ringarooma River,0.456657489,She-Oak
454,-1000,-41.27155,147.70406,Ringarooma River,9.925541282,Eucalyptus
455,-1000,-35.70698,148.886415,Rotten Swamp,1.063829787,Cypress-Pine
456,-1000,-35.70698,148.886415,Rotten Swamp,19.68085106,Eucalyptus
457,-1000,-27.49861111,153.4547222,Swallow Lagoon,39.34692059,She-Oak
458,-1000,-27.49861111,153.4547222,Swallow Lagoon,25.42787076,Eucalyptus
459,-1000,-36.61015,175.78865,Waitetoke,1.014198783,Celery Pine
460,-500,-41.660615,145.961125,Dove Lake,11.4055318,Southern Beech
461,-500,-41.660615,145.961125,Dove Lake,2.937602372,Celery Pine
462,-500,-41.660615,145.961125,Dove Lake,0.153374233,She-Oak
463,-500,-41.660615,145.961125,Dove Lake,8.415197618,Eucalyptus
464,-500,-44.96404,168.4928,Dukes Tarn,1.721063365,Southern Beech
465,-500,-44.96404,168.4928,Dukes Tarn,4.275944429,Celery Pine
466,-500,-41.50787,146.38472,Granta Pools,3.475992861,Southern Beech
467,-500,-41.50787,146.38472,Granta Pools,0.711379207,Celery Pine
468,-500,-41.50787,146.38472,Granta Pools,26.20244486,Eucalyptus
469,-500,-42.273725,145.88044,Lake Vera,11.34168292,Southern Beech
470,-500,-42.273725,145.88044,Lake Vera,9.286760579,Celery Pine
471,-500,-42.273725,145.88044,Lake Vera,0.44840701,She-Oak
472,-500,-42.273725,145.88044,Lake Vera,4.715562973,Eucalyptus
473,-500,-41.451255,145.961595,Paddy's Lake,19.29708497,Southern Beech
474,-500,-41.451255,145.961595,Paddy's Lake,1.414307784,Celery Pine
475,-500,-41.451255,145.961595,Paddy's Lake,14.42904553,Eucalyptus
476,-500,-41.27155,147.70406,Ringarooma River,18.8934544,Southern Beech
477,-500,-41.27155,147.70406,Ringarooma River,2.382101752,Celery Pine
478,-500,-41.27155,147.70406,Ringarooma River,0.713247075,She-Oak
479,-500,-41.27155,147.70406,Ringarooma River,11.99588304,Eucalyptus
480,-500,-35.70698,148.886415,Rotten Swamp,0.595238095,She-Oak
481,-500,-35.70698,148.886415,Rotten Swamp,20.84086799,Eucalyptus
482,-500,-27.49861111,153.4547222,Swallow Lagoon,46.95475633,She-Oak
483,-500,-27.49861111,153.4547222,Swallow Lagoon,22.13145085,Eucalyptus
484,-500,-36.59345,175.759067,Tamewhera,0.775251675,Celery Pine
485,-500,-36.61015,175.78865,Waitetoke,0.039991689,Celery Pine
486,0,-41.660615,145.961125,Dove Lake,11.17459144,Southern Beech
487,0,-41.660615,145.961125,Dove Lake,3.115031409,Celery Pine
488,0,-41.660615,145.961125,Dove Lake,0.305354683,She-Oak
489,0,-41.660615,145.961125,Dove Lake,7.439950153,Eucalyptus
490,0,-44.96404,168.4928,Dukes Tarn,1.141969817,Southern Beech
491,0,-44.96404,168.4928,Dukes Tarn,1.726479269,Celery Pine
492,0,-41.50787,146.38472,Granta Pools,5.420870519,Southern Beech
493,0,-41.50787,146.38472,Granta Pools,0.150602401,Celery Pine
494,0,-41.50787,146.38472,Granta Pools,23.83681508,Eucalyptus
495,0,-42.273725,145.88044,Lake Vera,10.78010455,Southern Beech
496,0,-42.273725,145.88044,Lake Vera,10.58477072,Celery Pine
497,0,-42.273725,145.88044,Lake Vera,0.339844075,She-Oak
498,0,-42.273725,145.88044,Lake Vera,5.454569078,Eucalyptus
499,0,-41.451255,145.961595,Paddy's Lake,14.73326715,Southern Beech
500,0,-41.451255,145.961595,Paddy's Lake,2.135641119,Celery Pine
501,0,-41.451255,145.961595,Paddy's Lake,12.71997938,Eucalyptus
502,0,-41.27155,147.70406,Ringarooma River,10.59191297,Southern Beech
503,0,-41.27155,147.70406,Ringarooma River,1.39769126,Celery Pine
504,0,-41.27155,147.70406,Ringarooma River,0.522664541,She-Oak
505,0,-41.27155,147.70406,Ringarooma River,7.009496477,Eucalyptus
506,0,-35.70698,148.886415,Rotten Swamp,0.958214264,She-Oak
507,0,-35.70698,148.886415,Rotten Swamp,0.306748466,Cypress-Pine
508,0,-35.70698,148.886415,Rotten Swamp,10.48640115,Eucalyptus
509,0,-27.49861111,153.4547222,Swallow Lagoon,38.57859888,She-Oak
510,0,-27.49861111,153.4547222,Swallow Lagoon,12.74942255,Eucalyptus
511,0,-36.59345,175.759067,Tamewhera,0.527325447,Celery Pine
512,0,-36.61015,175.78865,Waitetoke,0.05909915,Celery Pine